
INSERT INTO employe (ID_employe, employe_nom, employe_poste, employe_prenom) VALUES
(1,'Martin','Vendeur','Alice'),
(2,'Dupont','Coach','Thomas'),
(3,'Bernard','Coach','Lina'),
(4,'Durand','Caissier','Hugo'),
(5,'Petit','Manager','Sarah'),
(6,'Robert','Vendeur','Maxime'),
(7,'Richard','Coach','Eva'),
(8,'Moreau','Accueil','Camille'),
(9,'Simon','Caissier','Noah'),
(10,'Laurent','Coach','Chloé'),
(11,'Lefebvre','Vendeur','Yanis'),
(12,'Michel','Manager','Julie'),
(13,'Garcia','Coach','Amine'),
(14,'David','Accueil','Nina'),
(15,'Bertrand','Coach','Omar'),
(16,'Roux','Vendeur','Léa'),
(17,'Vincent','Caissier','Paul'),
(18,'Fournier','Coach','Sofia');


INSERT INTO adherent (ID_adherent, ad_nom, ad_prenom, ad_Email, ad_date_naissance, ad_tel, ad_historique, ad_statut) VALUES
(1,'Lemoine','Pierre','p.lemoine1@example.com','1995-04-12','0611223344','Inscription web','Actif'),
(2,'Carpentier','Emma','emma.carpentier@example.com','1998-08-23','0622334455','Parrainage','Actif'),
(3,'Perrin','Lucas','lucas.perrin@example.com','1992-01-30','0633445566','Retour après pause','Suspendu'),
(4,'Renaud','Clara','clara.renaud@example.com','2000-11-05','0644556677','Inscription accueil','Actif'),
(5,'Giraud','Youssef','youssef.giraud@example.com','1989-06-17','0655667788','Transfert autre salle','Inactif'),
(6,'Fontaine','Nora','nora.fontaine@example.com','1996-03-09','0666778899','Offre étudiante','Actif'),
(7,'Chevalier','Hugo','hugo.chevalier@example.com','1994-12-01','0677889900','Ancien adhérent','Actif'),
(8,'Lopez','Maya','maya.lopez@example.com','1999-05-20','0688990011','Inscription web','Actif'),
(9,'Muller','Antoine','antoine.muller@example.com','1993-02-14','0699001122','Retour après blessure','Actif'),
(10,'Marchand','Lina','lina.marchand@example.com','2001-07-07','0600112233','Parrainage','Actif'),
(11,'Meyer','Olivier','olivier.meyer@example.com','1988-09-19','0611335577','Ancien premium','Inactif'),
(12,'Barbier','Salomé','salome.barbier@example.com','1997-10-28','0622446688','Inscription accueil','Actif'),
(13,'Dupuis','Enzo','enzo.dupuis@example.com','1995-01-05','0633557799','Offre rentrée','Actif'),
(14,'Guillaume','Alice','alice.guillaume@example.com','1990-03-22','0644668800','Transfert autre salle','Suspendu'),
(15,'Fabre','Ibrahim','ibrahim.fabre@example.com','1999-12-11','0655779911','Inscription web','Actif'),
(16,'Roy','Camille','camille.roy@example.com','2002-06-03','0666881020','Offre étudiante','Actif'),
(17,'Noel','Rayan','rayan.noel@example.com','1991-04-26','0677992131','Ancien adhérent','Inactif'),
(18,'Lucas','Jade','jade.lucas@example.com','1996-08-15','0688103242','Parrainage','Actif'),
(19,'Benoit','Tom','tom.benoit@example.com','1993-05-09','0699214353','Inscription accueil','Actif'),
(20,'Blanc','Inès','ines.blanc@example.com','1998-02-02','0601325464','Offre découverte','Actif');

INSERT INTO abonnement (ID_abo, abo_type, abo_DateDeb, abo_DateFin, abo_Prix) VALUES
(1,'Mensuel','2024-01-05','2024-02-04',39.90),
(2,'Trimestriel','2024-03-10','2024-06-09',99.00),
(3,'Annuel','2023-09-01','2024-08-31',349.00),
(4,'Mensuel','2025-02-15','2025-03-16',44.90),
(5,'Semestriel','2023-10-20','2024-04-19',179.00),
(6,'Annuel','2024-07-01','2025-06-30',359.00),
(7,'Mensuel','2023-12-02','2024-01-01',39.90),
(8,'Trimestriel','2025-05-05','2025-08-03',105.00),
(9,'Annuel','2023-05-15','2024-05-14',329.00),
(10,'Semestriel','2024-09-12','2025-03-11',189.00),
(11,'Mensuel','2023-07-07','2023-08-06',36.90),
(12,'Mensuel','2025-06-01','2025-07-01',44.90),
(13,'Trimestriel','2023-11-11','2024-02-09',95.00),
(14,'Annuel','2024-02-22','2025-02-21',349.00),
(15,'Semestriel','2024-04-18','2024-10-17',179.00),
(16,'Mensuel','2023-09-25','2023-10-24',39.90),
(17,'Annuel','2025-01-03','2025-12-31',369.00),
(18,'Trimestriel','2024-10-01','2024-12-30',99.00);


INSERT INTO seance_coaching (ID_seance, coaching_date, ID_adherent) VALUES
(1,'2023-11-05 10:00:00',1),
(2,'2024-01-12 18:30:00',3),
(3,'2024-03-21 09:00:00',6),
(4,'2024-06-15 15:00:00',8),
(5,'2025-02-10 11:30:00',10),
(6,'2023-12-02 17:00:00',12),
(7,'2024-07-19 14:00:00',15),
(8,'2025-05-22 08:30:00',2),
(9,'2024-09-03 13:00:00',9),
(10,'2023-10-28 16:00:00',18),
(11,'2024-11-11 10:30:00',4),
(12,'2025-06-13 19:00:00',5),
(13,'2024-04-07 07:30:00',7),
(14,'2023-08-29 12:00:00',11),
(15,'2025-03-26 18:00:00',13),
(16,'2024-12-20 09:30:00',14),
(17,'2025-01-15 16:30:00',16),
(18,'2023-09-18 15:30:00',19);


INSERT INTO cours_collectif (ID_cours, cours_date, cours_capacite) VALUES
(1,'2023-10-02 18:00:00',20),
(2,'2023-11-14 19:00:00',18),
(3,'2024-01-22 07:30:00',25),
(4,'2024-03-10 12:00:00',16),
(5,'2024-05-05 18:30:00',22),
(6,'2024-07-01 08:00:00',15),
(7,'2024-09-09 20:00:00',30),
(8,'2024-11-27 17:00:00',18),
(9,'2025-01-06 18:00:00',24),
(10,'2025-03-12 12:30:00',20),
(11,'2025-04-21 19:30:00',18),
(12,'2023-12-18 08:30:00',14),
(13,'2024-02-16 18:15:00',22),
(14,'2025-05-29 07:00:00',26),
(15,'2023-09-07 18:45:00',20),
(16,'2024-06-24 19:45:00',18),
(17,'2025-06-30 18:30:00',28),
(18,'2024-10-25 12:15:00',16);


INSERT INTO produits_boutique (ID_prod, prod_nom, prod_prix, prod_stock, prod_categorie) VALUES
(1,'Tapis de yoga 6mm',29.90,80,'Accessoires'),
(2,'Shaker 700ml',9.90,150,'Accessoires'),
(3,'Ceinture de musculation',24.90,40,'Accessoires'),
(4,'Gants d\'entraînement',19.90,60,'Accessoires'),
(5,'Bouteille inox 1L',17.90,120,'Accessoires'),
(6,'Barre protéinée cacao',2.50,400,'Nutrition'),
(7,'Whey 1kg vanille',24.90,90,'Nutrition'),
(8,'BCAA 300g',19.90,70,'Nutrition'),
(9,'Pré-workout 250g',21.90,55,'Nutrition'),
(10,'Serviette microfibre',12.90,130,'Textile'),
(11,'Corde à sauter',14.90,50,'Accessoires'),
(12,'Élastiques de résistance',16.90,75,'Accessoires'),
(13,'T-shirt respirant',19.90,85,'Textile'),
(14,'Short training',24.90,60,'Textile'),
(15,'Genouillères sport',22.90,35,'Accessoires'),
(16,'Tapis de yoga premium',49.90,25,'Accessoires'),
(17,'Whey 2kg chocolat',44.90,60,'Nutrition'),
(18,'Omega-3 120 caps',18.90,65,'Nutrition'),
(19,'Shake protéiné ready-to-drink',3.50,200,'Nutrition'),
(20,'Sangle de tirage',13.90,45,'Accessoires');


INSERT INTO fournisseur (ID_fournisseur, fournisseur_nom, fournisseur_contact) VALUES
(1,'FitSupply SARL','contact@fitsupply.fr'),
(2,'NutriPro SAS','sales@nutripro.fr'),
(3,'YogaLine','hello@yogaline.eu'),
(4,'Gear4Gym','support@gear4gym.com'),
(5,'HydraBottle','info@hydrabottle.fr'),
(6,'TextilFlex','commerce@textilflex.fr'),
(7,'PowerLabs','france@powerlabs.eu'),
(8,'EnduroTrade','contact@endurotrade.fr'),
(9,'WellnessImport','service@wellnessimport.eu'),
(10,'SportMaison','ventes@sportmaison.fr'),
(11,'NordicSupps','orders@nordicsupps.eu'),
(12,'AthletiQ','bonjour@athletiq.fr'),
(13,'ProElastic','contact@proelastic.fr'),
(14,'CoreGear','sales@coregear.eu'),
(15,'PureNutrition','support@purenutrition.fr');


INSERT INTO vente (ID_vente, vente_date, vente_modepaiement, vente_panier, vente_prix_total, ID_employe) VALUES
(1,'2023-10-03 18:42:00','Carte','PNR-1001',32.40,4),
(2,'2023-11-15 19:05:00','Espèces','PNR-1002',49.90,9),
(3,'2024-01-23 08:10:00','Carte','PNR-1003',27.80,4),
(4,'2024-03-11 12:20:00','Virement','PNR-1004',62.70,1),
(5,'2024-05-06 18:48:00','Carte','PNR-1005',14.90,6),
(6,'2024-07-02 08:22:00','Chèque','PNR-1006',39.80,9),
(7,'2024-09-10 20:12:00','Espèces','PNR-1007',21.90,11),
(8,'2024-11-28 17:34:00','Carte','PNR-1008',74.70,4),
(9,'2025-01-07 18:06:00','Carte','PNR-1009',53.80,17),
(10,'2025-03-13 12:44:00','Virement','PNR-1010',9.90,1),
(11,'2025-04-22 19:36:00','Carte','PNR-1011',68.80,6),
(12,'2023-12-19 08:56:00','Chèque','PNR-1012',24.90,9),
(13,'2024-02-17 18:18:00','Carte','PNR-1013',29.90,11),
(14,'2025-05-30 07:12:00','Espèces','PNR-1014',63.80,4),
(15,'2023-09-08 18:53:00','Carte','PNR-1015',47.80,17),
(16,'2024-06-25 19:49:00','Chèque','PNR-1016',89.70,1),
(17,'2025-07-01 18:37:00','Carte','PNR-1017',33.80,6),
(18,'2024-10-26 12:17:00','Espèces','PNR-1018',37.80,11);


INSERT INTO superviser (ID_employe, ID_employe_1, ID_superviseur) VALUES
(1, 2, 4),
(3, 6, 8),
(5, 11, 8),
(7, 14, 8),
(9, 12, 8),
(10, 1, 8),
(13, 2, 4),
(15, 3, 4),
(2, 6, 4),
(4, 7, 8),
(6, 10, 4),
(8, 12, 15),
(11, 14, 15),
(12, 1, 15),
(14, 5, 15);


INSERT INTO adherer (ID_adherent, ID_abo) VALUES
(1,1),
(2,2),
(3,3),
(4,4),
(5,5),
(6,6),
(7,7),
(8,8),
(9,9),
(10,10),
(11,11),
(12,12),
(13,13),
(14,14),
(15,15),
(16,16),
(17,17),
(18,18);


INSERT INTO participer (ID_employe, ID_adherent, ID_cours) VALUES
(2,1,1),
(3,2,1),
(7,4,2),
(10,6,3),
(13,8,4),
(2,9,5),
(3,10,6),
(7,12,7),
(10,13,8),
(13,15,9),
(2,16,10),
(3,18,11),
(7,5,12),
(10,7,13),
(13,11,14),
(2,14,15),
(3,19,16),
(7,20,17);

INSERT INTO fournir (ID_prod, ID_fournisseur) VALUES
(1,3),
(16,3),
(2,4),
(11,4),
(20,4),
(3,14),
(15,14),
(4,14),
(5,5),
(10,6),
(13,6),
(14,6),
(6,2),
(7,2),
(17,2),
(8,7),
(9,7),
(18,11),
(19,11);

INSERT INTO acheter (ID_adherent, ID_prod) VALUES
(1,2),
(1,6),
(2,1),
(3,7),
(4,10),
(5,3),
(6,6),
(7,7),
(8,5),
(9,11),
(10,12),
(11,13),
(12,14),
(13,1),
(14,19),
(15,17),
(16,8),
(17,9),
(18,6),
(19,2),
(20,4);

INSERT INTO concerner (ID_prod, ID_vente) VALUES
(2,1),
(6,1),
(16,2),
(1,3),
(6,3),
(7,4),
(10,5),
(6,6),
(9,7),
(7,8),
(2,9),
(19,9),
(2,10),
(16,11),
(12,11),
(1,12),
(1,13),
(7,14),
(6,15),
(10,15),
(7,16),
(1,16),
(2,17),
(6,17),
(11,18);